,tool,program,trial,branches_covered,total_branches,assertions_reached,completed,elapsed_time
0,klee,Wtest28-B18.c,0,4,400,2,True,0:00:27
1,klee,Wtest28-B18.c,1,4,400,2,True,0:00:12
2,klee,Wtest28-B18.c,2,4,400,2,True,0:00:09
3,tracerx,Wtest28-B18.c,0,8,1458,2,True,0:00:01
4,tracerx,Wtest28-B18.c,1,8,1458,2,True,0:00:00
5,tracerx,Wtest28-B18.c,2,8,1458,2,True,0:00:05
6,cbmc,Wtest28-B18.c,0,130,924,72,True,0:00:05.744397
7,cbmc,Wtest28-B18.c,1,130,924,72,True,0:00:04.647408
8,cbmc,Wtest28-B18.c,2,130,924,72,True,0:00:04.825545
9,afl,Wtest28-B18.c,0,6,2850,0,False,-1
10,afl,Wtest28-B18.c,1,6,2850,0,False,-1
11,afl,Wtest28-B18.c,2,6,2850,0,False,-1
12,cbmc-verify,Wtest28-B18.c,0,-1,-1,380,True,0:10:07.959096
13,cbmc-verify,Wtest28-B18.c,1,-1,-1,380,True,0:16:11.316366
14,cbmc-verify,Wtest28-B18.c,2,-1,-1,380,True,0:10:09.502524
15,klee-merge,Wtest28-B18.c,0,4,400,2,True,0:00:12
16,klee-merge,Wtest28-B18.c,1,4,400,2,True,0:00:24
17,klee-merge,Wtest28-B18.c,2,4,400,2,True,0:00:10
18,tracerx-noext,Wtest28-B18.c,0,8,1458,2,True,0:30:30
19,tracerx-noext,Wtest28-B18.c,1,8,1458,2,True,0:30:02
20,tracerx-noext,Wtest28-B18.c,2,8,1458,2,True,0:30:01
21,cbmc-cvc4,Wtest28-B18.c,0,130,924,72,True,0:00:20.035499
22,cbmc-cvc4,Wtest28-B18.c,1,130,924,72,True,0:00:19.521323
23,cbmc-cvc4,Wtest28-B18.c,2,130,924,72,True,0:00:18.116806
24,afl-laf,Wtest28-B18.c,0,6,2850,0,False,-1
25,afl-laf,Wtest28-B18.c,1,6,2850,0,False,-1
26,afl-laf,Wtest28-B18.c,2,6,2850,0,False,-1
27,cbmc-verify-cvc4,Wtest28-B18.c,0,-1,-1,0,False,0:26:40.420814
28,cbmc-verify-cvc4,Wtest28-B18.c,1,-1,-1,0,False,0:26:03.570459
29,cbmc-verify-cvc4,Wtest28-B18.c,2,-1,-1,0,False,0:27:20.301739
30,klee,Prob1-LTL-P-SEQ-B30.c,0,4,58,2,True,0:00:03
31,klee,Prob1-LTL-P-SEQ-B30.c,1,4,58,2,True,0:00:03
32,klee,Prob1-LTL-P-SEQ-B30.c,2,4,58,2,True,0:00:09
33,tracerx,Prob1-LTL-P-SEQ-B30.c,0,13,215,2,True,0:00:04
34,tracerx,Prob1-LTL-P-SEQ-B30.c,1,13,215,2,True,0:00:04
35,tracerx,Prob1-LTL-P-SEQ-B30.c,2,13,215,2,True,0:00:04
36,cbmc,Prob1-LTL-P-SEQ-B30.c,0,20,142,60,True,0:00:01.606080
37,cbmc,Prob1-LTL-P-SEQ-B30.c,1,20,142,60,True,0:00:01.981686
38,cbmc,Prob1-LTL-P-SEQ-B30.c,2,20,142,60,True,0:00:01.409638
39,afl,Prob1-LTL-P-SEQ-B30.c,0,11,364,0,False,-1
40,afl,Prob1-LTL-P-SEQ-B30.c,1,11,364,0,False,-1
41,afl,Prob1-LTL-P-SEQ-B30.c,2,11,364,0,False,-1
42,cbmc-verify,Prob1-LTL-P-SEQ-B30.c,0,-1,-1,29,True,0:00:05.894811
43,cbmc-verify,Prob1-LTL-P-SEQ-B30.c,1,-1,-1,29,True,0:00:05.360745
44,cbmc-verify,Prob1-LTL-P-SEQ-B30.c,2,-1,-1,29,True,0:00:04.937287
45,klee-merge,Prob1-LTL-P-SEQ-B30.c,0,4,58,2,True,0:00:06
46,klee-merge,Prob1-LTL-P-SEQ-B30.c,1,4,58,2,True,0:00:07
47,klee-merge,Prob1-LTL-P-SEQ-B30.c,2,4,58,2,True,0:00:07
48,tracerx-noext,Prob1-LTL-P-SEQ-B30.c,0,13,215,2,True,0:30:00
49,tracerx-noext,Prob1-LTL-P-SEQ-B30.c,1,13,215,2,True,0:30:01
50,tracerx-noext,Prob1-LTL-P-SEQ-B30.c,2,13,215,2,True,0:30:23
51,cbmc-cvc4,Prob1-LTL-P-SEQ-B30.c,0,20,142,60,True,0:00:15.383887
52,cbmc-cvc4,Prob1-LTL-P-SEQ-B30.c,1,20,142,60,True,0:00:11.565706
53,cbmc-cvc4,Prob1-LTL-P-SEQ-B30.c,2,20,142,60,True,0:00:10.172212
54,afl-laf,Prob1-LTL-P-SEQ-B30.c,0,11,364,0,False,-1
55,afl-laf,Prob1-LTL-P-SEQ-B30.c,1,11,364,0,False,-1
56,afl-laf,Prob1-LTL-P-SEQ-B30.c,2,11,364,0,False,-1
57,cbmc-verify-cvc4,Prob1-LTL-P-SEQ-B30.c,0,-1,-1,0,False,0:27:19.855132
58,cbmc-verify-cvc4,Prob1-LTL-P-SEQ-B30.c,1,-1,-1,0,False,0:27:22.322629
59,cbmc-verify-cvc4,Prob1-LTL-P-SEQ-B30.c,2,-1,-1,0,False,0:25:36.949690
60,klee,Mtest33-B50-cil.c,0,2,7,3,True,0:00:00
61,klee,Mtest33-B50-cil.c,1,2,7,3,True,0:00:00
62,klee,Mtest33-B50-cil.c,2,2,7,3,True,0:00:00
63,tracerx,Mtest33-B50-cil.c,0,2,40,3,True,0:00:00
64,tracerx,Mtest33-B50-cil.c,1,2,40,3,True,0:00:00
65,tracerx,Mtest33-B50-cil.c,2,2,40,3,True,0:00:00
66,cbmc,Mtest33-B50-cil.c,0,7,18,3,True,0:00:00.742812
67,cbmc,Mtest33-B50-cil.c,1,7,18,3,True,0:00:00.375797
68,cbmc,Mtest33-B50-cil.c,2,7,18,3,True,0:00:00.504522
69,afl,Mtest33-B50-cil.c,0,0,14,0,False,-1
70,afl,Mtest33-B50-cil.c,1,0,14,0,False,-1
71,afl,Mtest33-B50-cil.c,2,0,14,0,False,-1
72,cbmc-verify,Mtest33-B50-cil.c,0,-1,-1,3,True,0:00:00.183547
73,cbmc-verify,Mtest33-B50-cil.c,1,-1,-1,3,True,0:00:00.259334
74,cbmc-verify,Mtest33-B50-cil.c,2,-1,-1,3,True,0:00:00.224233
75,klee-merge,Mtest33-B50-cil.c,0,2,7,3,True,0:00:00
76,klee-merge,Mtest33-B50-cil.c,1,2,7,3,True,0:00:00
77,klee-merge,Mtest33-B50-cil.c,2,2,7,3,True,0:00:01
78,tracerx-noext,Mtest33-B50-cil.c,0,2,40,3,True,0:00:00
79,tracerx-noext,Mtest33-B50-cil.c,1,2,40,3,True,0:00:00
80,tracerx-noext,Mtest33-B50-cil.c,2,2,40,3,True,0:00:06
81,cbmc-cvc4,Mtest33-B50-cil.c,0,7,18,3,True,0:00:00.709804
82,cbmc-cvc4,Mtest33-B50-cil.c,1,7,18,3,True,0:00:00.592034
83,cbmc-cvc4,Mtest33-B50-cil.c,2,7,18,3,True,0:00:03.471475
84,afl-laf,Mtest33-B50-cil.c,0,0,14,0,False,-1
85,afl-laf,Mtest33-B50-cil.c,1,0,14,0,False,-1
86,afl-laf,Mtest33-B50-cil.c,2,0,14,0,False,-1
87,cbmc-verify-cvc4,Mtest33-B50-cil.c,0,-1,-1,3,True,0:00:00.460480
88,cbmc-verify-cvc4,Mtest33-B50-cil.c,1,-1,-1,3,True,0:00:00.327649
89,cbmc-verify-cvc4,Mtest33-B50-cil.c,2,-1,-1,3,True,0:00:00.467069
90,klee,m217REACHDSI-B3.c,0,20,14468,10,True,0:00:48
91,klee,m217REACHDSI-B3.c,1,20,14468,10,True,0:00:43
92,klee,m217REACHDSI-B3.c,2,20,14468,10,True,0:00:46
93,tracerx,m217REACHDSI-B3.c,0,99,37277,10,True,0:02:09
94,tracerx,m217REACHDSI-B3.c,1,99,37277,10,True,0:01:25
95,tracerx,m217REACHDSI-B3.c,2,99,37277,10,True,0:01:23
96,cbmc,m217REACHDSI-B3.c,0,301,55578,30,True,0:00:09.577403
97,cbmc,m217REACHDSI-B3.c,1,301,55578,30,True,0:00:11.051809
98,cbmc,m217REACHDSI-B3.c,2,301,55578,30,True,0:00:09.475265
99,afl,m217REACHDSI-B3.c,0,89,74488,0,False,-1
100,afl,m217REACHDSI-B3.c,1,89,74488,0,False,-1
101,afl,m217REACHDSI-B3.c,2,89,74488,0,False,-1
102,cbmc-verify,m217REACHDSI-B3.c,0,-1,-1,0,False,0:13:44.094421
103,cbmc-verify,m217REACHDSI-B3.c,1,-1,-1,0,False,0:00:39.423856
104,cbmc-verify,m217REACHDSI-B3.c,2,-1,-1,0,False,0:06:47.828879
105,klee-merge,m217REACHDSI-B3.c,0,20,14468,10,True,0:00:18
106,klee-merge,m217REACHDSI-B3.c,1,20,14468,10,True,0:00:19
107,klee-merge,m217REACHDSI-B3.c,2,20,14468,10,True,0:00:19
108,tracerx-noext,m217REACHDSI-B3.c,0,99,37277,10,True,0:31:01
109,tracerx-noext,m217REACHDSI-B3.c,1,99,37277,10,True,0:31:54
110,tracerx-noext,m217REACHDSI-B3.c,2,99,37277,10,True,0:31:27
111,cbmc-cvc4,m217REACHDSI-B3.c,0,301,55578,30,True,0:00:59.728244
112,cbmc-cvc4,m217REACHDSI-B3.c,1,301,55578,30,True,0:01:00.952417
113,cbmc-cvc4,m217REACHDSI-B3.c,2,301,55578,30,True,0:00:59.670761
114,afl-laf,m217REACHDSI-B3.c,0,89,74488,0,False,-1
115,afl-laf,m217REACHDSI-B3.c,1,89,74488,0,False,-1
116,afl-laf,m217REACHDSI-B3.c,2,89,74488,0,False,-1
117,cbmc-verify-cvc4,m217REACHDSI-B3.c,0,-1,-1,0,False,0:00:43.870299
118,cbmc-verify-cvc4,m217REACHDSI-B3.c,1,-1,-1,0,False,0:15:36.283792
119,cbmc-verify-cvc4,m217REACHDSI-B3.c,2,-1,-1,0,False,0:00:36.365113
120,klee,Mtest45-B12040-cil.c,0,21,45,0,True,0:30:14
121,klee,Mtest45-B12040-cil.c,1,21,45,0,True,0:30:03
122,klee,Mtest45-B12040-cil.c,2,21,45,0,True,0:30:20
123,tracerx,Mtest45-B12040-cil.c,0,22,78,0,True,3:30:18
124,tracerx,Mtest45-B12040-cil.c,1,22,78,0,True,1:49:56
125,tracerx,Mtest45-B12040-cil.c,2,22,78,0,True,1:49:50
126,cbmc,Mtest45-B12040-cil.c,0,84,109,0,True,0:01:49.292794
127,cbmc,Mtest45-B12040-cil.c,1,84,109,0,True,0:01:49.035842
128,cbmc,Mtest45-B12040-cil.c,2,84,109,0,True,0:01:47.859239
129,afl,Mtest45-B12040-cil.c,0,66,90,0,False,0:30:00
130,afl,Mtest45-B12040-cil.c,1,50,90,0,False,-1
131,afl,Mtest45-B12040-cil.c,2,66,90,0,False,0:30:00
132,cbmc-verify,Mtest45-B12040-cil.c,0,-1,-1,0,True,0:00:46.227663
133,cbmc-verify,Mtest45-B12040-cil.c,1,-1,-1,0,True,0:00:45.575046
134,cbmc-verify,Mtest45-B12040-cil.c,2,-1,-1,0,True,0:00:44.458311
135,klee-merge,Mtest45-B12040-cil.c,0,21,45,0,True,1:08:01
136,klee-merge,Mtest45-B12040-cil.c,1,21,45,0,True,1:12:21
137,klee-merge,Mtest45-B12040-cil.c,2,21,45,0,True,0:41:17
138,tracerx-noext,Mtest45-B12040-cil.c,0,22,78,0,True,1:54:27
139,tracerx-noext,Mtest45-B12040-cil.c,1,22,78,0,True,1:50:41
140,tracerx-noext,Mtest45-B12040-cil.c,2,22,78,0,True,1:50:03
141,cbmc-cvc4,Mtest45-B12040-cil.c,0,-1,-1,0,False,0:29:32.817608
142,cbmc-cvc4,Mtest45-B12040-cil.c,1,-1,-1,0,False,0:29:28.119735
143,cbmc-cvc4,Mtest45-B12040-cil.c,2,-1,-1,0,False,0:29:58.570096
144,afl-laf,Mtest45-B12040-cil.c,0,66,90,0,False,0:30:00
145,afl-laf,Mtest45-B12040-cil.c,1,66,90,0,False,0:30:00
146,afl-laf,Mtest45-B12040-cil.c,2,66,90,0,False,0:30:01
147,cbmc-verify-cvc4,Mtest45-B12040-cil.c,0,-1,-1,0,True,0:00:44.210514
148,cbmc-verify-cvc4,Mtest45-B12040-cil.c,1,-1,-1,0,True,0:00:46.783379
149,cbmc-verify-cvc4,Mtest45-B12040-cil.c,2,-1,-1,0,True,0:00:46.856172
150,klee,Prob1-LTL-P-SEQ-B20.c,0,4,58,2,True,0:00:04
151,klee,Prob1-LTL-P-SEQ-B20.c,1,4,58,2,True,0:00:04
152,klee,Prob1-LTL-P-SEQ-B20.c,2,4,58,2,True,0:00:04
153,tracerx,Prob1-LTL-P-SEQ-B20.c,0,13,215,2,True,0:00:01
154,tracerx,Prob1-LTL-P-SEQ-B20.c,1,13,215,2,True,0:00:02
155,tracerx,Prob1-LTL-P-SEQ-B20.c,2,13,215,2,True,0:00:01
156,cbmc,Prob1-LTL-P-SEQ-B20.c,0,20,142,40,True,0:00:01.522889
157,cbmc,Prob1-LTL-P-SEQ-B20.c,1,20,142,40,True,0:00:00.650041
158,cbmc,Prob1-LTL-P-SEQ-B20.c,2,20,142,40,True,0:00:01.028428
159,afl,Prob1-LTL-P-SEQ-B20.c,0,11,364,0,False,-1
160,afl,Prob1-LTL-P-SEQ-B20.c,1,11,364,0,False,-1
161,afl,Prob1-LTL-P-SEQ-B20.c,2,11,364,0,False,-1
162,cbmc-verify,Prob1-LTL-P-SEQ-B20.c,0,-1,-1,29,True,0:00:03.886460
163,cbmc-verify,Prob1-LTL-P-SEQ-B20.c,1,-1,-1,29,True,0:00:04.111300
164,cbmc-verify,Prob1-LTL-P-SEQ-B20.c,2,-1,-1,29,True,0:00:04.079806
165,klee-merge,Prob1-LTL-P-SEQ-B20.c,0,4,58,2,True,0:00:04
166,klee-merge,Prob1-LTL-P-SEQ-B20.c,1,4,58,2,True,0:00:04
167,klee-merge,Prob1-LTL-P-SEQ-B20.c,2,4,58,2,True,0:00:05
168,tracerx-noext,Prob1-LTL-P-SEQ-B20.c,0,13,215,2,True,0:30:04
169,tracerx-noext,Prob1-LTL-P-SEQ-B20.c,1,13,215,2,True,0:30:06
170,tracerx-noext,Prob1-LTL-P-SEQ-B20.c,2,13,215,2,True,0:30:09
171,cbmc-cvc4,Prob1-LTL-P-SEQ-B20.c,0,20,142,40,True,0:00:44.923478
172,cbmc-cvc4,Prob1-LTL-P-SEQ-B20.c,1,20,142,40,True,0:00:08.539343
173,cbmc-cvc4,Prob1-LTL-P-SEQ-B20.c,2,20,142,40,True,0:00:43.489456
174,afl-laf,Prob1-LTL-P-SEQ-B20.c,0,11,364,0,False,-1
175,afl-laf,Prob1-LTL-P-SEQ-B20.c,1,11,364,0,False,-1
176,afl-laf,Prob1-LTL-P-SEQ-B20.c,2,11,364,0,False,-1
177,cbmc-verify-cvc4,Prob1-LTL-P-SEQ-B20.c,0,-1,-1,0,False,0:14:56.060470
178,cbmc-verify-cvc4,Prob1-LTL-P-SEQ-B20.c,1,-1,-1,0,False,0:14:57.298240
179,cbmc-verify-cvc4,Prob1-LTL-P-SEQ-B20.c,2,-1,-1,0,False,0:25:52.459791
180,klee,Mpals1-B10-cil.c,0,16,41,17,True,0:00:01
181,klee,Mpals1-B10-cil.c,1,16,41,17,True,0:00:01
182,klee,Mpals1-B10-cil.c,2,16,41,17,True,0:00:01
183,tracerx,Mpals1-B10-cil.c,0,16,74,17,True,0:00:01
184,tracerx,Mpals1-B10-cil.c,1,16,74,17,True,0:00:00
185,tracerx,Mpals1-B10-cil.c,2,16,74,17,True,0:00:00
186,cbmc,Mpals1-B10-cil.c,0,51,88,19,True,0:00:00.362806
187,cbmc,Mpals1-B10-cil.c,1,51,88,19,True,0:00:00.091509
188,cbmc,Mpals1-B10-cil.c,2,51,88,19,True,0:00:00.118436
189,afl,Mpals1-B10-cil.c,0,0,82,13,False,0:29:59
190,afl,Mpals1-B10-cil.c,1,0,82,0,False,-1
191,afl,Mpals1-B10-cil.c,2,0,82,0,False,-1
192,cbmc-verify,Mpals1-B10-cil.c,0,-1,-1,20,True,0:00:00.697034
193,cbmc-verify,Mpals1-B10-cil.c,1,-1,-1,20,True,0:00:00.787398
194,cbmc-verify,Mpals1-B10-cil.c,2,-1,-1,20,True,0:00:00.825661
195,klee-merge,Mpals1-B10-cil.c,0,16,41,17,True,0:00:00
196,klee-merge,Mpals1-B10-cil.c,1,16,41,17,True,0:00:01
197,klee-merge,Mpals1-B10-cil.c,2,16,41,17,True,0:00:00
198,tracerx-noext,Mpals1-B10-cil.c,0,16,74,17,True,0:00:00
199,tracerx-noext,Mpals1-B10-cil.c,1,16,74,17,True,0:00:00
200,tracerx-noext,Mpals1-B10-cil.c,2,16,74,17,True,0:00:00
201,cbmc-cvc4,Mpals1-B10-cil.c,0,51,88,19,True,0:00:01.880067
202,cbmc-cvc4,Mpals1-B10-cil.c,1,51,88,19,True,0:00:01.941643
203,cbmc-cvc4,Mpals1-B10-cil.c,2,51,88,19,True,0:00:01.923150
204,afl-laf,Mpals1-B10-cil.c,0,0,82,12,False,0:29:59
205,afl-laf,Mpals1-B10-cil.c,1,0,82,0,False,-1
206,afl-laf,Mpals1-B10-cil.c,2,0,82,0,False,-1
207,cbmc-verify-cvc4,Mpals1-B10-cil.c,0,-1,-1,20,True,0:00:28.979838
208,cbmc-verify-cvc4,Mpals1-B10-cil.c,1,-1,-1,20,True,0:00:29.533073
209,cbmc-verify-cvc4,Mpals1-B10-cil.c,2,-1,-1,20,True,0:00:29.698479
210,klee,Prob16-R12-B4.c,0,172,825,1,True,0:00:10
211,klee,Prob16-R12-B4.c,1,172,825,1,True,0:00:08
212,klee,Prob16-R12-B4.c,2,172,825,1,True,0:00:25
213,tracerx,Prob16-R12-B4.c,0,575,2312,1,True,0:00:05
214,tracerx,Prob16-R12-B4.c,1,575,2312,1,True,0:00:05
215,tracerx,Prob16-R12-B4.c,2,575,2312,1,True,0:00:33
216,cbmc,Prob16-R12-B4.c,0,408,655,183,True,0:09:53.420279
217,cbmc,Prob16-R12-B4.c,1,408,655,183,True,0:05:52.507318
218,cbmc,Prob16-R12-B4.c,2,408,655,183,True,0:11:05.308485
219,afl,Prob16-R12-B4.c,0,1328,4558,0,False,0:30:00
220,afl,Prob16-R12-B4.c,1,1319,4558,0,False,0:30:04
221,afl,Prob16-R12-B4.c,2,1431,4558,0,False,0:30:05
222,cbmc-verify,Prob16-R12-B4.c,0,-1,-1,1,True,0:00:41.368373
223,cbmc-verify,Prob16-R12-B4.c,1,-1,-1,1,True,0:00:41.925303
224,cbmc-verify,Prob16-R12-B4.c,2,-1,-1,1,True,0:00:39.685716
225,klee-merge,Prob16-R12-B4.c,0,172,825,1,True,0:00:04
226,klee-merge,Prob16-R12-B4.c,1,172,825,1,True,0:00:03
227,klee-merge,Prob16-R12-B4.c,2,172,825,1,True,0:00:04
228,tracerx-noext,Prob16-R12-B4.c,0,575,2312,1,True,0:00:04
229,tracerx-noext,Prob16-R12-B4.c,1,575,2312,1,True,0:00:03
230,tracerx-noext,Prob16-R12-B4.c,2,575,2312,1,True,0:00:04
231,cbmc-cvc4,Prob16-R12-B4.c,0,-1,-1,183,False,0:06:59.265756
232,cbmc-cvc4,Prob16-R12-B4.c,1,-1,-1,183,False,0:00:15.757432
233,cbmc-cvc4,Prob16-R12-B4.c,2,-1,-1,183,False,0:00:09.313804
234,afl-laf,Prob16-R12-B4.c,0,1450,4558,2,False,0:30:00
235,afl-laf,Prob16-R12-B4.c,1,1686,4558,0,False,0:30:00
236,afl-laf,Prob16-R12-B4.c,2,1473,4558,2,False,0:30:00
237,cbmc-verify-cvc4,Prob16-R12-B4.c,0,-1,-1,1,True,0:04:27.838869
238,cbmc-verify-cvc4,Prob16-R12-B4.c,1,-1,-1,1,True,0:04:34.003535
239,cbmc-verify-cvc4,Prob16-R12-B4.c,2,-1,-1,1,True,0:04:27.324254
240,klee,cdaudio-prep-cil.c,0,3,65,2,True,0:00:00
241,klee,cdaudio-prep-cil.c,1,3,65,2,True,0:00:00
242,klee,cdaudio-prep-cil.c,2,3,65,2,True,0:00:00
243,tracerx,cdaudio-prep-cil.c,0,4,250,2,True,0:00:00
244,tracerx,cdaudio-prep-cil.c,1,4,250,2,True,0:00:00
245,tracerx,cdaudio-prep-cil.c,2,4,250,2,True,0:00:00
246,cbmc,cdaudio-prep-cil.c,0,52,616,2,True,0:00:05.123480
247,cbmc,cdaudio-prep-cil.c,1,52,616,2,True,0:00:03.068578
248,cbmc,cdaudio-prep-cil.c,2,52,616,2,True,0:00:05.073254
249,afl,cdaudio-prep-cil.c,0,0,590,0,False,-1
250,afl,cdaudio-prep-cil.c,1,0,590,0,False,-1
251,afl,cdaudio-prep-cil.c,2,0,590,0,False,-1
252,cbmc-verify,cdaudio-prep-cil.c,0,-1,-1,68,True,0:00:06.403967
253,cbmc-verify,cdaudio-prep-cil.c,1,-1,-1,68,True,0:00:06.614857
254,cbmc-verify,cdaudio-prep-cil.c,2,-1,-1,68,True,0:00:06.380237
255,klee-merge,cdaudio-prep-cil.c,0,3,65,2,True,0:00:01
256,klee-merge,cdaudio-prep-cil.c,1,3,65,2,True,0:00:01
257,klee-merge,cdaudio-prep-cil.c,2,3,65,2,True,0:00:00
258,tracerx-noext,cdaudio-prep-cil.c,0,4,250,2,True,0:00:01
259,tracerx-noext,cdaudio-prep-cil.c,1,4,250,2,True,0:00:02
260,tracerx-noext,cdaudio-prep-cil.c,2,4,250,2,True,0:00:01
261,cbmc-cvc4,cdaudio-prep-cil.c,0,52,616,2,True,0:00:58.223100
262,cbmc-cvc4,cdaudio-prep-cil.c,1,52,616,2,True,0:00:42.210975
263,cbmc-cvc4,cdaudio-prep-cil.c,2,52,616,2,True,0:00:25.399942
264,afl-laf,cdaudio-prep-cil.c,0,0,590,0,False,-1
265,afl-laf,cdaudio-prep-cil.c,1,0,590,0,False,-1
266,afl-laf,cdaudio-prep-cil.c,2,0,590,0,False,-1
267,cbmc-verify-cvc4,cdaudio-prep-cil.c,0,-1,-1,68,True,0:04:19.628787
268,cbmc-verify-cvc4,cdaudio-prep-cil.c,1,-1,-1,68,True,0:04:21.347219
269,cbmc-verify-cvc4,cdaudio-prep-cil.c,2,-1,-1,68,True,0:04:25.131735
270,klee,Wtest29-B15.c,0,5,77,3,True,0:00:04
271,klee,Wtest29-B15.c,1,5,77,3,True,0:00:17
272,klee,Wtest29-B15.c,2,5,77,3,True,0:00:03
273,tracerx,Wtest29-B15.c,0,9,276,3,True,0:00:01
274,tracerx,Wtest29-B15.c,1,9,276,3,True,0:00:00
275,tracerx,Wtest29-B15.c,2,9,276,3,True,0:00:00
276,cbmc,Wtest29-B15.c,0,23,185,90,True,0:00:00.376681
277,cbmc,Wtest29-B15.c,1,23,185,90,True,0:00:00.294632
278,cbmc,Wtest29-B15.c,2,23,185,90,True,0:00:00.307147
279,afl,Wtest29-B15.c,0,6,486,0,False,-1
280,afl,Wtest29-B15.c,1,6,486,0,False,-1
281,afl,Wtest29-B15.c,2,6,486,0,False,-1
282,cbmc-verify,Wtest29-B15.c,0,-1,-1,86,True,0:00:08.429822
283,cbmc-verify,Wtest29-B15.c,1,-1,-1,86,True,0:00:08.380077
284,cbmc-verify,Wtest29-B15.c,2,-1,-1,86,True,0:00:08.492828
285,klee-merge,Wtest29-B15.c,0,5,77,3,True,0:00:01
286,klee-merge,Wtest29-B15.c,1,5,77,3,True,0:00:01
287,klee-merge,Wtest29-B15.c,2,5,77,3,True,0:00:01
288,tracerx-noext,Wtest29-B15.c,0,9,276,3,True,0:30:30
289,tracerx-noext,Wtest29-B15.c,1,9,276,3,True,0:30:07
290,tracerx-noext,Wtest29-B15.c,2,9,276,3,True,0:30:10
291,cbmc-cvc4,Wtest29-B15.c,0,23,185,90,True,0:00:26.981611
292,cbmc-cvc4,Wtest29-B15.c,1,23,185,90,True,0:00:30.410116
293,cbmc-cvc4,Wtest29-B15.c,2,23,185,90,True,0:00:17.483899
294,afl-laf,Wtest29-B15.c,0,6,486,0,False,-1
295,afl-laf,Wtest29-B15.c,1,6,486,0,False,-1
296,afl-laf,Wtest29-B15.c,2,6,486,0,False,-1
297,cbmc-verify-cvc4,Wtest29-B15.c,0,-1,-1,86,True,0:09:10.481963
298,cbmc-verify-cvc4,Wtest29-B15.c,1,-1,-1,86,True,0:09:04.412096
299,cbmc-verify-cvc4,Wtest29-B15.c,2,-1,-1,86,True,0:15:42.298232
300,klee,Prob1-LTL-P-SEQ-B10.c,0,4,58,2,True,0:00:01
301,klee,Prob1-LTL-P-SEQ-B10.c,1,4,58,2,True,0:00:02
302,klee,Prob1-LTL-P-SEQ-B10.c,2,4,58,2,True,0:00:03
303,tracerx,Prob1-LTL-P-SEQ-B10.c,0,13,215,2,True,0:00:01
304,tracerx,Prob1-LTL-P-SEQ-B10.c,1,13,215,2,True,0:00:01
305,tracerx,Prob1-LTL-P-SEQ-B10.c,2,13,215,2,True,0:00:00
306,cbmc,Prob1-LTL-P-SEQ-B10.c,0,20,142,20,True,0:00:00.793573
307,cbmc,Prob1-LTL-P-SEQ-B10.c,1,20,142,20,True,0:00:00.361817
308,cbmc,Prob1-LTL-P-SEQ-B10.c,2,20,142,20,True,0:00:00.715977
309,afl,Prob1-LTL-P-SEQ-B10.c,0,11,364,0,False,-1
310,afl,Prob1-LTL-P-SEQ-B10.c,1,11,364,0,False,-1
311,afl,Prob1-LTL-P-SEQ-B10.c,2,11,364,0,False,-1
312,cbmc-verify,Prob1-LTL-P-SEQ-B10.c,0,-1,-1,24,True,0:00:01.516777
313,cbmc-verify,Prob1-LTL-P-SEQ-B10.c,1,-1,-1,24,True,0:00:01.519547
314,cbmc-verify,Prob1-LTL-P-SEQ-B10.c,2,-1,-1,24,True,0:00:01.497191
315,klee-merge,Prob1-LTL-P-SEQ-B10.c,0,4,58,2,True,0:00:03
316,klee-merge,Prob1-LTL-P-SEQ-B10.c,1,4,58,2,True,0:00:01
317,klee-merge,Prob1-LTL-P-SEQ-B10.c,2,4,58,2,True,0:00:03
318,tracerx-noext,Prob1-LTL-P-SEQ-B10.c,0,13,215,2,True,0:30:09
319,tracerx-noext,Prob1-LTL-P-SEQ-B10.c,1,13,215,2,True,0:30:09
320,tracerx-noext,Prob1-LTL-P-SEQ-B10.c,2,13,215,2,True,0:30:00
321,cbmc-cvc4,Prob1-LTL-P-SEQ-B10.c,0,20,142,20,True,0:00:01.561330
322,cbmc-cvc4,Prob1-LTL-P-SEQ-B10.c,1,20,142,20,True,0:00:01.309188
323,cbmc-cvc4,Prob1-LTL-P-SEQ-B10.c,2,20,142,20,True,0:00:01.280541
324,afl-laf,Prob1-LTL-P-SEQ-B10.c,0,11,364,0,False,-1
325,afl-laf,Prob1-LTL-P-SEQ-B10.c,1,11,364,0,False,-1
326,afl-laf,Prob1-LTL-P-SEQ-B10.c,2,11,364,0,False,-1
327,cbmc-verify-cvc4,Prob1-LTL-P-SEQ-B10.c,0,-1,-1,24,True,0:08:42.758708
328,cbmc-verify-cvc4,Prob1-LTL-P-SEQ-B10.c,1,-1,-1,24,True,0:08:40.627686
329,cbmc-verify-cvc4,Prob1-LTL-P-SEQ-B10.c,2,-1,-1,24,True,0:15:21.643157
330,klee,m217REACHDSI-B2.c,0,20,14468,10,True,0:00:21
331,klee,m217REACHDSI-B2.c,1,20,14468,10,True,0:00:19
332,klee,m217REACHDSI-B2.c,2,20,14468,10,True,0:00:12
333,tracerx,m217REACHDSI-B2.c,0,99,37277,10,True,0:01:50
334,tracerx,m217REACHDSI-B2.c,1,99,37277,10,True,0:02:34
335,tracerx,m217REACHDSI-B2.c,2,99,37277,10,True,0:02:32
336,cbmc,m217REACHDSI-B2.c,0,301,55578,20,True,0:00:16.173797
337,cbmc,m217REACHDSI-B2.c,1,301,55578,20,True,0:00:34.422672
338,cbmc,m217REACHDSI-B2.c,2,301,55578,20,True,0:01:07.421174
339,afl,m217REACHDSI-B2.c,0,89,74488,0,False,-1
340,afl,m217REACHDSI-B2.c,1,89,74488,0,False,-1
341,afl,m217REACHDSI-B2.c,2,89,74488,0,False,-1
342,cbmc-verify,m217REACHDSI-B2.c,0,-1,-1,0,False,0:02:07.384403
343,cbmc-verify,m217REACHDSI-B2.c,1,-1,-1,0,False,0:15:24.258913
344,cbmc-verify,m217REACHDSI-B2.c,2,-1,-1,0,False,0:02:12.711915
345,klee-merge,m217REACHDSI-B2.c,0,20,14468,10,True,0:00:25
346,klee-merge,m217REACHDSI-B2.c,1,20,14468,10,True,0:00:31
347,klee-merge,m217REACHDSI-B2.c,2,20,14468,10,True,0:00:37
348,tracerx-noext,m217REACHDSI-B2.c,0,99,37277,10,True,0:33:10
349,tracerx-noext,m217REACHDSI-B2.c,1,99,37277,10,True,0:33:08
350,tracerx-noext,m217REACHDSI-B2.c,2,99,37277,10,True,0:30:31
351,cbmc-cvc4,m217REACHDSI-B2.c,0,301,55578,20,True,0:19:30.556745
352,cbmc-cvc4,m217REACHDSI-B2.c,1,301,55578,20,True,0:07:27.919301
353,cbmc-cvc4,m217REACHDSI-B2.c,2,301,55578,20,True,0:08:22.309079
354,afl-laf,m217REACHDSI-B2.c,0,89,74488,0,False,-1
355,afl-laf,m217REACHDSI-B2.c,1,89,74488,0,False,-1
356,afl-laf,m217REACHDSI-B2.c,2,89,74488,0,False,-1
357,cbmc-verify-cvc4,m217REACHDSI-B2.c,0,-1,-1,0,False,0:19:35.962948
358,cbmc-verify-cvc4,m217REACHDSI-B2.c,1,-1,-1,0,False,0:13:31.291517
359,cbmc-verify-cvc4,m217REACHDSI-B2.c,2,-1,-1,0,False,0:08:57.763001
360,klee,m217REACHDSI-B1.c,0,20,14468,10,True,0:00:06
361,klee,m217REACHDSI-B1.c,1,20,14468,10,True,0:00:05
362,klee,m217REACHDSI-B1.c,2,20,14468,10,True,0:00:02
363,tracerx,m217REACHDSI-B1.c,0,99,37277,10,True,0:00:34
364,tracerx,m217REACHDSI-B1.c,1,99,37277,10,True,0:00:34
365,tracerx,m217REACHDSI-B1.c,2,99,37277,10,True,0:00:34
366,cbmc,m217REACHDSI-B1.c,0,301,55578,10,True,0:00:10.631024
367,cbmc,m217REACHDSI-B1.c,1,301,55578,10,True,0:00:10.304731
368,cbmc,m217REACHDSI-B1.c,2,301,55578,10,True,0:00:10.832687
369,afl,m217REACHDSI-B1.c,0,89,74488,0,False,-1
370,afl,m217REACHDSI-B1.c,1,89,74488,0,False,-1
371,afl,m217REACHDSI-B1.c,2,89,74488,0,False,-1
372,cbmc-verify,m217REACHDSI-B1.c,0,-1,-1,0,False,0:09:21.658390
373,cbmc-verify,m217REACHDSI-B1.c,1,-1,-1,0,False,0:04:40.651987
374,cbmc-verify,m217REACHDSI-B1.c,2,-1,-1,0,False,0:10:47.512055
375,klee-merge,m217REACHDSI-B1.c,0,20,14468,10,True,0:00:02
376,klee-merge,m217REACHDSI-B1.c,1,20,14468,10,True,0:00:02
377,klee-merge,m217REACHDSI-B1.c,2,20,14468,10,True,0:00:02
378,tracerx-noext,m217REACHDSI-B1.c,0,99,37277,10,True,0:00:33
379,tracerx-noext,m217REACHDSI-B1.c,1,99,37277,10,True,0:00:33
380,tracerx-noext,m217REACHDSI-B1.c,2,99,37277,10,True,0:00:36
381,cbmc-cvc4,m217REACHDSI-B1.c,0,301,55578,10,True,0:00:30.279701
382,cbmc-cvc4,m217REACHDSI-B1.c,1,301,55578,10,True,0:00:31.881929
383,cbmc-cvc4,m217REACHDSI-B1.c,2,301,55578,10,True,0:00:31.010879
384,afl-laf,m217REACHDSI-B1.c,0,89,74488,0,False,-1
385,afl-laf,m217REACHDSI-B1.c,1,89,74488,0,False,-1
386,afl-laf,m217REACHDSI-B1.c,2,89,74488,0,False,-1
387,cbmc-verify-cvc4,m217REACHDSI-B1.c,0,-1,-1,0,False,0:00:37.571775
388,cbmc-verify-cvc4,m217REACHDSI-B1.c,1,-1,-1,0,False,0:00:45.449148
389,cbmc-verify-cvc4,m217REACHDSI-B1.c,2,-1,-1,0,False,0:00:36.405917
390,klee,Mtest33-B100-cil.c,0,2,7,3,True,0:00:00
391,klee,Mtest33-B100-cil.c,1,2,7,3,True,0:00:00
392,klee,Mtest33-B100-cil.c,2,2,7,3,True,0:00:00
393,tracerx,Mtest33-B100-cil.c,0,2,40,3,True,0:00:00
394,tracerx,Mtest33-B100-cil.c,1,2,40,3,True,0:00:01
395,tracerx,Mtest33-B100-cil.c,2,2,40,3,True,0:00:00
396,cbmc,Mtest33-B100-cil.c,0,7,18,3,True,0:00:00.082366
397,cbmc,Mtest33-B100-cil.c,1,7,18,3,True,0:00:00.084022
398,cbmc,Mtest33-B100-cil.c,2,7,18,3,True,0:00:00.055886
399,afl,Mtest33-B100-cil.c,0,0,14,3,False,0:29:59
400,afl,Mtest33-B100-cil.c,1,0,14,4,False,0:29:59
401,afl,Mtest33-B100-cil.c,2,0,14,0,False,-1
402,cbmc-verify,Mtest33-B100-cil.c,0,-1,-1,3,True,0:00:00.267248
403,cbmc-verify,Mtest33-B100-cil.c,1,-1,-1,3,True,0:00:00.335915
404,cbmc-verify,Mtest33-B100-cil.c,2,-1,-1,3,True,0:00:00.298784
405,klee-merge,Mtest33-B100-cil.c,0,2,7,3,True,0:00:00
406,klee-merge,Mtest33-B100-cil.c,1,2,7,3,True,0:00:00
407,klee-merge,Mtest33-B100-cil.c,2,2,7,3,True,0:00:00
408,tracerx-noext,Mtest33-B100-cil.c,0,2,40,3,True,0:00:00
409,tracerx-noext,Mtest33-B100-cil.c,1,2,40,3,True,0:00:00
410,tracerx-noext,Mtest33-B100-cil.c,2,2,40,3,True,0:00:01
411,cbmc-cvc4,Mtest33-B100-cil.c,0,7,18,3,True,0:00:00.839878
412,cbmc-cvc4,Mtest33-B100-cil.c,1,7,18,3,True,0:00:00.438062
413,cbmc-cvc4,Mtest33-B100-cil.c,2,7,18,3,True,0:00:00.952070
414,afl-laf,Mtest33-B100-cil.c,0,0,14,3,False,0:29:59
415,afl-laf,Mtest33-B100-cil.c,1,0,14,0,False,-1
416,afl-laf,Mtest33-B100-cil.c,2,0,14,0,False,-1
417,cbmc-verify-cvc4,Mtest33-B100-cil.c,0,-1,-1,3,True,0:00:00.603290
418,cbmc-verify-cvc4,Mtest33-B100-cil.c,1,-1,-1,3,True,0:00:09.568118
419,cbmc-verify-cvc4,Mtest33-B100-cil.c,2,-1,-1,3,True,0:00:00.604865
420,klee,Wtest27-B15.c,0,3,234,1,True,0:00:02
421,klee,Wtest27-B15.c,1,3,234,1,True,0:00:02
422,klee,Wtest27-B15.c,2,3,234,1,True,0:00:02
423,tracerx,Wtest27-B15.c,0,12,1443,1,True,0:00:07
424,tracerx,Wtest27-B15.c,1,12,1443,1,True,0:00:04
425,tracerx,Wtest27-B15.c,2,12,1443,1,True,0:00:05
426,cbmc,Wtest27-B15.c,0,123,520,30,True,0:00:02.861143
427,cbmc,Wtest27-B15.c,1,123,520,30,True,0:00:01.755360
428,cbmc,Wtest27-B15.c,2,123,520,30,True,0:00:02.460311
429,afl,Wtest27-B15.c,0,11,2820,0,False,-1
430,afl,Wtest27-B15.c,1,11,2820,0,False,-1
431,afl,Wtest27-B15.c,2,11,2820,0,False,-1
432,cbmc-verify,Wtest27-B15.c,0,-1,-1,0,False,0:05:32.323310
433,cbmc-verify,Wtest27-B15.c,1,-1,-1,0,False,0:01:04.545655
434,cbmc-verify,Wtest27-B15.c,2,-1,-1,0,False,0:05:06.266993
435,klee-merge,Wtest27-B15.c,0,3,234,1,True,0:00:02
436,klee-merge,Wtest27-B15.c,1,3,234,1,True,0:00:02
437,klee-merge,Wtest27-B15.c,2,3,234,1,True,0:00:02
438,tracerx-noext,Wtest27-B15.c,0,12,1443,1,True,0:30:28
439,tracerx-noext,Wtest27-B15.c,1,12,1443,1,True,0:30:09
440,tracerx-noext,Wtest27-B15.c,2,12,1443,1,True,0:32:56
441,cbmc-cvc4,Wtest27-B15.c,0,123,520,30,True,0:00:13.782453
442,cbmc-cvc4,Wtest27-B15.c,1,123,520,30,True,0:00:14.082610
443,cbmc-cvc4,Wtest27-B15.c,2,123,520,30,True,0:00:18.097980
444,afl-laf,Wtest27-B15.c,0,11,2820,0,False,-1
445,afl-laf,Wtest27-B15.c,1,11,2820,0,False,-1
446,afl-laf,Wtest27-B15.c,2,11,2820,0,False,-1
447,cbmc-verify-cvc4,Wtest27-B15.c,0,-1,-1,0,False,0:00:04.293843
448,cbmc-verify-cvc4,Wtest27-B15.c,1,-1,-1,0,False,0:00:06.031846
449,cbmc-verify-cvc4,Wtest27-B15.c,2,-1,-1,0,False,0:00:04.779142
450,klee,Prob16-R12-B3.c,0,102,825,1,True,0:00:01
451,klee,Prob16-R12-B3.c,1,102,825,1,True,0:00:02
452,klee,Prob16-R12-B3.c,2,102,825,1,True,0:00:01
453,tracerx,Prob16-R12-B3.c,0,311,2312,1,True,0:00:01
454,tracerx,Prob16-R12-B3.c,1,311,2312,1,True,0:00:01
455,tracerx,Prob16-R12-B3.c,2,311,2312,1,True,0:00:01
456,cbmc,Prob16-R12-B3.c,0,372,655,122,True,0:01:55.898685
457,cbmc,Prob16-R12-B3.c,1,372,655,122,True,0:02:05.429384
458,cbmc,Prob16-R12-B3.c,2,372,655,122,True,0:01:35.320722
459,afl,Prob16-R12-B3.c,0,1192,4558,4,False,0:30:01
460,afl,Prob16-R12-B3.c,1,1166,4558,0,False,0:29:59
461,afl,Prob16-R12-B3.c,2,1151,4558,0,False,0:30:00
462,cbmc-verify,Prob16-R12-B3.c,0,-1,-1,1,True,0:00:02.282379
463,cbmc-verify,Prob16-R12-B3.c,1,-1,-1,1,True,0:00:02.337209
464,cbmc-verify,Prob16-R12-B3.c,2,-1,-1,1,True,0:00:02.339856
465,klee-merge,Prob16-R12-B3.c,0,102,825,1,True,0:00:00
466,klee-merge,Prob16-R12-B3.c,1,102,825,1,True,0:00:03
467,klee-merge,Prob16-R12-B3.c,2,102,825,1,True,0:00:02
468,tracerx-noext,Prob16-R12-B3.c,0,311,2312,1,True,0:00:01
469,tracerx-noext,Prob16-R12-B3.c,1,311,2312,1,True,0:00:02
470,tracerx-noext,Prob16-R12-B3.c,2,311,2312,1,True,0:00:01
471,cbmc-cvc4,Prob16-R12-B3.c,0,-1,-1,122,False,0:11:45.172173
472,cbmc-cvc4,Prob16-R12-B3.c,1,-1,-1,122,False,0:25:39.147811
473,cbmc-cvc4,Prob16-R12-B3.c,2,-1,-1,122,False,0:09:22.563550
474,afl-laf,Prob16-R12-B3.c,0,1175,4558,0,False,0:30:00
475,afl-laf,Prob16-R12-B3.c,1,1186,4558,0,False,0:30:02
476,afl-laf,Prob16-R12-B3.c,2,1196,4558,7,False,0:30:00
477,cbmc-verify-cvc4,Prob16-R12-B3.c,0,-1,-1,1,True,0:00:26.438988
478,cbmc-verify-cvc4,Prob16-R12-B3.c,1,-1,-1,1,True,0:00:26.118999
479,cbmc-verify-cvc4,Prob16-R12-B3.c,2,-1,-1,1,True,0:00:26.093909
480,klee,Prob17-R12-B3.c,0,218,1178,1,True,0:00:01
481,klee,Prob17-R12-B3.c,1,218,1178,1,True,0:00:01
482,klee,Prob17-R12-B3.c,2,218,1178,1,True,0:00:01
483,tracerx,Prob17-R12-B3.c,0,1022,3906,1,True,0:00:02
484,tracerx,Prob17-R12-B3.c,1,1022,3906,1,True,0:00:04
485,tracerx,Prob17-R12-B3.c,2,1022,3906,1,True,0:00:02
486,cbmc,Prob17-R12-B3.c,0,-1,-1,122,False,0:00:24.387661
487,cbmc,Prob17-R12-B3.c,1,-1,-1,122,False,0:29:57.568597
488,cbmc,Prob17-R12-B3.c,2,484,945,122,True,0:24:24.517290
489,afl,Prob17-R12-B3.c,0,3010,7746,12,False,0:30:00
490,afl,Prob17-R12-B3.c,1,2986,7746,0,False,0:30:00
491,afl,Prob17-R12-B3.c,2,3005,7746,2,False,0:30:01
492,cbmc-verify,Prob17-R12-B3.c,0,-1,-1,1,True,0:01:45.086051
493,cbmc-verify,Prob17-R12-B3.c,1,-1,-1,1,True,0:01:40.456018
494,cbmc-verify,Prob17-R12-B3.c,2,-1,-1,1,True,0:06:25.751097
495,klee-merge,Prob17-R12-B3.c,0,218,1178,1,True,0:00:00
496,klee-merge,Prob17-R12-B3.c,1,218,1178,1,True,0:00:01
497,klee-merge,Prob17-R12-B3.c,2,218,1178,1,True,0:00:03
498,tracerx-noext,Prob17-R12-B3.c,0,1022,3906,1,True,0:00:04
499,tracerx-noext,Prob17-R12-B3.c,1,1022,3906,1,True,0:00:04
500,tracerx-noext,Prob17-R12-B3.c,2,1022,3906,1,True,0:00:12
501,cbmc-cvc4,Prob17-R12-B3.c,0,-1,-1,122,False,0:00:12.159759
502,cbmc-cvc4,Prob17-R12-B3.c,1,-1,-1,122,False,0:00:27.714762
503,cbmc-cvc4,Prob17-R12-B3.c,2,-1,-1,122,False,0:23:39.180882
504,afl-laf,Prob17-R12-B3.c,0,3007,7746,0,False,0:30:00
505,afl-laf,Prob17-R12-B3.c,1,3007,7746,0,False,0:30:03
506,afl-laf,Prob17-R12-B3.c,2,3007,7746,2,False,0:30:00
507,cbmc-verify-cvc4,Prob17-R12-B3.c,0,-1,-1,0,False,0:00:03.335058
508,cbmc-verify-cvc4,Prob17-R12-B3.c,1,-1,-1,0,False,0:00:03.552679
509,cbmc-verify-cvc4,Prob17-R12-B3.c,2,-1,-1,1,True,0:03:05.724475
510,klee,Mpals1-B15-cil.c,0,16,41,17,True,0:00:01
511,klee,Mpals1-B15-cil.c,1,16,41,17,True,0:00:01
512,klee,Mpals1-B15-cil.c,2,16,41,17,True,0:00:01
513,tracerx,Mpals1-B15-cil.c,0,16,74,17,True,0:00:00
514,tracerx,Mpals1-B15-cil.c,1,16,74,17,True,0:00:01
515,tracerx,Mpals1-B15-cil.c,2,16,74,17,True,0:00:01
516,cbmc,Mpals1-B15-cil.c,0,51,88,19,True,0:00:00.529742
517,cbmc,Mpals1-B15-cil.c,1,51,88,19,True,0:00:00.348414
518,cbmc,Mpals1-B15-cil.c,2,51,88,19,True,0:00:00.412270
519,afl,Mpals1-B15-cil.c,0,0,82,0,False,-1
520,afl,Mpals1-B15-cil.c,1,0,82,0,False,-1
521,afl,Mpals1-B15-cil.c,2,0,82,0,False,-1
522,cbmc-verify,Mpals1-B15-cil.c,0,-1,-1,20,True,0:00:00.577130
523,cbmc-verify,Mpals1-B15-cil.c,1,-1,-1,20,True,0:00:00.614184
524,cbmc-verify,Mpals1-B15-cil.c,2,-1,-1,20,True,0:00:00.522189
525,klee-merge,Mpals1-B15-cil.c,0,16,41,17,True,0:00:00
526,klee-merge,Mpals1-B15-cil.c,1,16,41,17,True,0:00:00
527,klee-merge,Mpals1-B15-cil.c,2,16,41,17,True,0:00:00
528,tracerx-noext,Mpals1-B15-cil.c,0,16,74,17,True,0:00:00
529,tracerx-noext,Mpals1-B15-cil.c,1,16,74,17,True,0:00:00
530,tracerx-noext,Mpals1-B15-cil.c,2,16,74,17,True,0:00:00
531,cbmc-cvc4,Mpals1-B15-cil.c,0,51,88,19,True,0:00:02.502532
532,cbmc-cvc4,Mpals1-B15-cil.c,1,51,88,19,True,0:00:02.239707
533,cbmc-cvc4,Mpals1-B15-cil.c,2,51,88,19,True,0:00:02.058787
534,afl-laf,Mpals1-B15-cil.c,0,0,82,12,False,0:29:59
535,afl-laf,Mpals1-B15-cil.c,1,0,82,0,False,-1
536,afl-laf,Mpals1-B15-cil.c,2,0,82,0,False,-1
537,cbmc-verify-cvc4,Mpals1-B15-cil.c,0,-1,-1,20,True,0:01:08.507179
538,cbmc-verify-cvc4,Mpals1-B15-cil.c,1,-1,-1,20,True,0:01:11.330939
539,cbmc-verify-cvc4,Mpals1-B15-cil.c,2,-1,-1,20,True,0:01:11.261692
540,klee,Prob17-R12-B4.c,0,483,1178,1,True,0:00:03
541,klee,Prob17-R12-B4.c,1,483,1178,1,True,0:00:03
542,klee,Prob17-R12-B4.c,2,483,1178,1,True,0:00:02
543,tracerx,Prob17-R12-B4.c,0,1844,3906,1,True,0:00:06
544,tracerx,Prob17-R12-B4.c,1,1844,3906,1,True,0:00:05
545,tracerx,Prob17-R12-B4.c,2,1844,3906,1,True,0:00:05
546,cbmc,Prob17-R12-B4.c,0,-1,-1,183,False,0:00:10.525064
547,cbmc,Prob17-R12-B4.c,1,-1,-1,183,False,0:00:20.380747
548,cbmc,Prob17-R12-B4.c,2,-1,-1,183,False,0:05:10.753721
549,afl,Prob17-R12-B4.c,0,4198,7746,0,False,0:30:00
550,afl,Prob17-R12-B4.c,1,4745,7746,15,False,0:30:00
551,afl,Prob17-R12-B4.c,2,4542,7746,16,False,0:30:00
552,cbmc-verify,Prob17-R12-B4.c,0,-1,-1,1,True,0:14:47.063772
553,cbmc-verify,Prob17-R12-B4.c,1,-1,-1,1,True,0:06:27.669170
554,cbmc-verify,Prob17-R12-B4.c,2,-1,-1,1,True,0:13:15.933823
555,klee-merge,Prob17-R12-B4.c,0,483,1178,1,True,0:00:08
556,klee-merge,Prob17-R12-B4.c,1,483,1178,1,True,0:00:24
557,klee-merge,Prob17-R12-B4.c,2,483,1178,1,True,0:00:01
558,tracerx-noext,Prob17-R12-B4.c,0,1844,3906,1,True,0:00:36
559,tracerx-noext,Prob17-R12-B4.c,1,1844,3906,1,True,0:00:14
560,tracerx-noext,Prob17-R12-B4.c,2,1844,3906,1,True,0:00:14
561,cbmc-cvc4,Prob17-R12-B4.c,0,-1,-1,183,False,0:00:28.893278
562,cbmc-cvc4,Prob17-R12-B4.c,1,-1,-1,183,False,0:00:51.714474
563,cbmc-cvc4,Prob17-R12-B4.c,2,-1,-1,183,False,0:00:13.982587
564,afl-laf,Prob17-R12-B4.c,0,3498,7746,0,False,0:30:05
565,afl-laf,Prob17-R12-B4.c,1,4191,7746,0,False,0:29:59
566,afl-laf,Prob17-R12-B4.c,2,3226,7746,0,False,0:30:01
567,cbmc-verify-cvc4,Prob17-R12-B4.c,0,-1,-1,1,True,0:27:10.816342
568,cbmc-verify-cvc4,Prob17-R12-B4.c,1,-1,-1,1,True,0:26:22.981632
569,cbmc-verify-cvc4,Prob17-R12-B4.c,2,-1,-1,1,True,0:10:25.818974
570,klee,Mtest45-B4515-cil.c,0,22,45,0,True,0:00:59
571,klee,Mtest45-B4515-cil.c,1,22,45,0,True,0:00:59
572,klee,Mtest45-B4515-cil.c,2,22,45,0,True,0:01:04
573,tracerx,Mtest45-B4515-cil.c,0,22,78,0,True,0:02:43
574,tracerx,Mtest45-B4515-cil.c,1,22,78,0,True,0:01:54
575,tracerx,Mtest45-B4515-cil.c,2,22,78,0,True,0:02:10
576,cbmc,Mtest45-B4515-cil.c,0,84,109,0,True,0:00:37.032465
577,cbmc,Mtest45-B4515-cil.c,1,84,109,0,True,0:00:15.031249
578,cbmc,Mtest45-B4515-cil.c,2,84,109,0,True,0:00:05.931083
579,afl,Mtest45-B4515-cil.c,0,66,90,0,False,0:30:01
580,afl,Mtest45-B4515-cil.c,1,66,90,0,False,0:30:00
581,afl,Mtest45-B4515-cil.c,2,66,90,0,False,0:30:00
582,cbmc-verify,Mtest45-B4515-cil.c,0,-1,-1,0,True,0:00:02.561028
583,cbmc-verify,Mtest45-B4515-cil.c,1,-1,-1,0,True,0:00:02.751245
584,cbmc-verify,Mtest45-B4515-cil.c,2,-1,-1,0,True,0:00:02.800475
585,klee-merge,Mtest45-B4515-cil.c,0,22,45,0,True,0:01:07
586,klee-merge,Mtest45-B4515-cil.c,1,22,45,0,True,0:02:12
587,klee-merge,Mtest45-B4515-cil.c,2,22,45,0,True,0:01:25
588,tracerx-noext,Mtest45-B4515-cil.c,0,22,78,0,True,0:04:14
589,tracerx-noext,Mtest45-B4515-cil.c,1,22,78,0,True,0:05:31
590,tracerx-noext,Mtest45-B4515-cil.c,2,22,78,0,True,0:03:28
591,cbmc-cvc4,Mtest45-B4515-cil.c,0,84,109,0,True,0:06:41.107294
592,cbmc-cvc4,Mtest45-B4515-cil.c,1,84,109,0,True,0:23:16.825580
593,cbmc-cvc4,Mtest45-B4515-cil.c,2,-1,-1,0,False,0:07:31.404860
594,afl-laf,Mtest45-B4515-cil.c,0,66,90,0,False,0:30:00
595,afl-laf,Mtest45-B4515-cil.c,1,66,90,0,False,0:29:59
596,afl-laf,Mtest45-B4515-cil.c,2,66,90,0,False,0:30:00
597,cbmc-verify-cvc4,Mtest45-B4515-cil.c,0,-1,-1,0,True,0:00:02.612146
598,cbmc-verify-cvc4,Mtest45-B4515-cil.c,1,-1,-1,0,True,0:00:02.653960
599,cbmc-verify-cvc4,Mtest45-B4515-cil.c,2,-1,-1,0,True,0:00:02.759127
